{
  "text": " The dream of the future, the child of love, the dream of my future, will be a picture-dark shadow.",
  "segments": [
    {
      "id": 0,
      "seek": 0,
      "start": 0.0,
      "end": 7.640000000000001,
      "text": " The dream of the future, the child of love, the dream of my future, will be a picture-dark shadow.",
      "tokens": [
        50364,
        440,
        3055,
        295,
        264,
        2027,
        11,
        264,
        1440,
        295,
        959,
        11,
        264,
        3055,
        295,
        452,
        2027,
        11,
        486,
        312,
        257,
        3036,
        12,
        67,
        809,
        8576,
        13,
        50746
      ],
      "temperature": 0.0,
      "avg_logprob": -0.9624868590256264,
      "compression_ratio": 1.2564102564102564,
      "no_speech_prob": 0.023655394092202187
    }
  ],
  "language": "ja"
}